{
  "urls": [
    "ch1.mp3",
    "ch1.ogg",
    "ch1.m4a"
  ],
  "sprite": {
    "silence": [
      0,
      1000,
      true
    ],
    "BetDown": [
      1050,
      1276.1451247165535
    ],
    "Match": [
      3100,
      2280.2721088435374
    ],
    "MatchingSymbolSelect": [
      6150,
      1900.0000000000005
    ],
    "MusicTermLose": [
      8200.000000000002,
      6200.000000000001
    ],
    "MusicTermWin": [
      15250.000000000002,
      6200.000000000001
    ]
  }
}