{
  "urls": [
    "ch2.mp3",
    "ch2.ogg",
    "ch2.m4a"
  ],
  "sprite": {
    "silence": [
      0,
      1000,
      true
    ],
    "BetUp": [
      1050,
      1473.0839002267574
    ],
    "Bonus Reveal-win": [
      3100,
      2841.2471655328804
    ],
    "BonusNoWin": [
      6150,
      2000
    ],
    "BonusWin": [
      8200.000000000002,
      3754.7619047619046
    ],
    "MatchingSymbolSelect_2": [
      12250.000000000002,
      2000
    ]
  }
}