{
  "urls": [
    "ch5.mp3",
    "ch5.ogg",
    "ch5.m4a"
  ],
  "sprite": {
    "silence": [
      0,
      1000,
      true
    ],
    "InstantWin": [
      1050,
      2900.0000000000005
    ],
    "PrizeBox_3": [
      4100.000000000001,
      2363.0839002267576
    ],
    "WinningNumberSelect2": [
      7150.000000000001,
      2250.000000000001
    ],
    "YourNumberSelect3": [
      10200.000000000004,
      1742.1315192743768
    ]
  }
}