{
  "urls": [
    "ch3.mp3",
    "ch3.ogg",
    "ch3.m4a"
  ],
  "sprite": {
    "silence": [
      0,
      1000,
      true
    ],
    "BetMax": [
      1050,
      2877.6417233560096
    ],
    "PrizeBox": [
      4100.000000000001,
      1974.6258503401366
    ],
    "WinningNumberSelect": [
      6150.000000000001,
      2426.122448979592
    ],
    "YourNumberSelect1": [
      9200.000000000002,
      1481.8367346938767
    ],
    "YourNumberSelect2": [
      11250,
      1599.9999999999995
    ]
  }
}