{
  "urls": [
    "ch4.mp3",
    "ch4.ogg",
    "ch4.m4a"
  ],
  "sprite": {
    "silence": [
      0,
      1000,
      true
    ],
    "Click": [
      1050,
      1038.2539682539684
    ],
    "PrizeBox_2": [
      3100.0000000000005,
      1468.0498866213147
    ],
    "YourNumberSelect": [
      5150,
      1599.9999999999995
    ],
    "YourNumberSelect2": [
      7200,
      1797.8231292517012
    ]
  }
}