{
  "urls": [
    "ch6.mp3",
    "ch6.ogg",
    "ch6.m4a"
  ],
  "sprite": {
    "silence": [
      0,
      1000,
      true
    ],
    "InstantWin": [
      1050,
      2900.0000000000005
    ],
    "MatchingSymbolSelect_3": [
      4100.000000000001,
      1799.9999999999998
    ],
    "RevealAllButton": [
      6150,
      2799.999999999999
    ]
  }
}